date,couverture_facebook,visites_facebook,interactions_facebook,couverture_instagram,interactions_instagram,visites_instagram,sessions,totalUsers,screenPageViews,averageSessionDuration,bounceRate,engagedSessions,newUsers
2024-08-07,40,2,3,112,0,3,2,2,15,361.516,0,2,2
2024-08-08,4,0,1,5,0,2,5,5,9,41.7908,0.4,3,5
2024-08-09,2,0,0,4,0,3,2,2,2,4.8136,1,0,2
2024-08-10,12,0,4,51,0,21,1,1,6,138.158,0,1,0
2024-08-11,26,3,7,48,0,6,4,4,5,58.795,0.25,3,4
2024-08-12,19,2,1,18,1,1,4,4,6,138.81,0.5,2,3
2024-08-13,4,6,0,4,0,8,4,4,19,375.654,0.25,3,4
2024-08-14,4,0,0,2,0,3,2,2,8,180.829,0,2,2
2024-08-16,4,3,0,121,48,14,2,2,3,36.7319,0,2,2
2024-08-17,4,0,0,50,15,4,3,3,9,35.2929,0.666667,1,2
2024-08-18,29,4,3,71,5,3,3,3,3,0,1,0,2
2024-08-19,11,6,0,50,5,15,1,1,1,0,1,0,1
2024-08-20,34,6,3,84,2,3,2,2,8,1131.68,0,2,1
2024-08-21,55,3,5,71,14,12,5,5,40,451.212,0.2,4,3
2024-08-22,47,6,3,79,2,4,3,3,8,1040.77,0,3,2
2024-08-23,36,4,10,69,2,6,7,7,23,154.623,0.142857,6,6
2024-08-24,157,9,20,40,5,6,6,6,7,17.9569,0.5,3,4
2024-08-25,153,12,13,76,5,7,4,4,9,74.1499,0.25,3,4
2024-08-26,106,6,8,96,17,11,7,6,14,449.983,0.428571,4,3
2024-08-27,77,4,17,689,40,18,1,1,6,334.294,0,1,1
2024-08-28,56,3,8,87,22,5,4,2,15,84.9246,0.5,2,0
2024-08-30,64,12,13,93,24,7,7,6,12,66.8464,0.714286,2,6
2024-08-31,36,35,1,39,4,3,4,2,14,84.3015,0.75,1,2
2024-09-01,21,7,2,18,3,1,3,3,17,116.128,0.333333,2,3
2024-09-02,26,6,4,40,7,5,28,26,69,274.447,0.75,7,24
2024-09-03,91,3,68,99,17,15,3,3,8,112.952,0.333333,2,2
2024-09-04,94,16,30,132,43,12,2,2,6,93.3072,0.5,1,1
2024-09-05,65,5,13,101,4,10,4,4,4,160.816,0.5,2,3
2024-09-06,82,16,28,220,27,13,2,2,8,199.383,0,2,2
2024-09-07,94,14,25,134,37,15,0,0,0,0,0,0,0
2024-09-08,80,15,32,118,19,12,0,0,0,0,0,0,0
2024-09-09,63,13,12,93,13,5,0,0,0,0,0,0,0
2024-09-10,72,6,16,117,16,5,1,1,1,0,1,0,1
2024-09-11,74,9,19,115,18,6,2,2,3,102.84,0,2,2
2024-09-12,76,6,19,89,17,15,0,0,0,0,0,0,0
2024-09-13,75,17,12,95,15,8,5,4,6,21.4726,0.4,3,3
2024-09-14,83,9,31,80,9,10,0,0,0,0,0,0,0
2024-09-15,110,17,42,214,44,21,2,2,3,34.8309,0,2,2
2024-09-16,83,0,5,124,21,20,0,0,0,0,0,0,0
2024-09-17,77,12,7,121,13,14,0,0,0,0,0,0,0
2024-09-18,20,6,0,63,5,14,4,4,12,104.787,0.25,3,1
2024-09-19,51,12,3,97,28,6,4,3,11,328.394,0.5,2,1
2024-09-20,232,9,2,121,26,4,6,6,10,14.9233,0.666667,2,5
2024-09-21,17,6,0,45,8,6,2,2,2,0,1,0,2
2024-09-22,42,4,3,90,1,13,2,2,6,52.5558,0.5,1,2
2024-09-23,191,16,11,73,7,4,16,13,89,632.658,0.375,10,10
2024-09-24,99,14,1,89,2,3,15,8,73,796.37,0.0666667,14,2
2024-09-25,74,13,4,72,7,7,16,10,107,872.126,0.25,12,5
2024-09-26,77,9,12,79,12,3,16,8,212,1456.72,0.25,12,3
2024-09-27,96,10,3,200,14,4,8,8,18,52.4107,0.5,4,7
2024-09-28,309,20,10,91,13,8,6,6,59,533.068,0.5,3,1
2024-09-29,119,21,17,130,27,7,9,8,24,231.43,0.222222,7,3
2024-09-30,67,22,15,182,14,7,9,6,14,96.9998,0.444444,5,4
2024-10-01,60,10,8,102,12,5,13,8,50,707.354,0.384615,8,5
2024-10-02,35,0,2,60,5,4,7,6,48,1774.64,0.571429,3,3
2024-10-03,91,10,8,113,9,3,25,17,67,256.429,0.52,12,10
2024-10-04,186,9,12,63,6,7,18,9,99,603.924,0.333333,12,3
2024-10-05,82,2,1,32,1,0,1,1,7,918.958,0,1,1
2024-10-06,117,4,3,146,6,4,2,2,9,98.1135,0,2,1
2024-10-07,94,13,8,144,1,7,6,5,33,929.457,0.5,3,2
2024-10-08,74,9,4,56,10,3,11,7,28,192.064,0.363636,7,3
2024-10-09,36,11,0,156,21,11,5,4,47,2664.93,0.2,4,1
2024-10-10,49,13,7,172,10,7,5,5,6,7.85549,0.8,1,3
2024-10-11,45,6,5,79,2,5,5,5,15,74.0294,0.4,3,3
2024-10-12,81,10,2,75,13,9,1,1,1,23.1565,0,1,1
2024-10-13,29,3,3,121,4,8,3,3,6,167.233,0.333333,2,2
2024-10-14,24,1,0,14,8,2,27,14,305,1071.21,0.259259,20,8
2024-10-15,56,12,7,63,1,3,12,7,36,200.783,0.166667,10,2
2024-10-16,12,0,0,16,3,3,5,3,51,849.095,0.4,3,0
2024-10-17,62,4,10,73,13,0,15,8,259,1333.43,0.266667,11,3
2024-10-18,78,0,6,98,18,9,1,1,1,0,1,0,0
2024-10-19,90,12,8,112,20,7,17,10,109,1056.25,0.352941,11,6
2024-10-20,238,7,10,136,16,6,5,2,12,241.105,0.6,2,1
2024-10-21,1043,15,50,120,10,7,26,17,168,715.412,0.615385,10,13
2024-10-22,2240,56,185,42,3,0,37,22,268,754.906,0.405405,22,17
2024-10-23,521,13,28,63,1,1,13,10,30,232.324,0.307692,9,3
2024-10-24,448,24,30,48,13,5,9,9,10,22.566,0.666667,3,7
2024-10-25,338,27,24,139,13,2,6,6,16,189.312,0.333333,4,4
2024-10-26,308,93,37,95,3,1,14,14,29,116,0.357143,9,13
2024-10-27,287,20,21,101,12,3,14,13,22,75.7155,0.142857,12,13
2024-10-28,262,12,10,20,0,1,7,7,18,289.448,0.571429,3,5
2024-10-29,451,5,16,2,0,3,3,3,7,49.2394,0.333333,2,2
2024-10-30,928,10,42,8,0,1,10,8,19,50.3435,0.3,7,3
2024-10-31,440,7,10,45,0,5,9,9,18,31.5699,0.555556,4,8
2024-11-01,383,7,14,51,3,2,21,20,39,33.8029,0.619048,8,19
2024-11-02,162,6,8,77,0,3,4,3,11,459.171,0.25,3,0
2024-11-03,151,3,6,19,0,5,7,4,12,63.6033,0.428571,4,1
2024-11-04,1026,10,91,74,0,3,18,16,114,1623.76,0.388889,11,13
2024-11-05,585,8,35,3,0,2,16,9,56,663.694,0.1875,13,5
2024-11-06,402,13,17,96,22,1,11,10,16,111.401,0.636364,4,4
2024-11-07,276,7,12,46,12,5,3,2,7,823.238,0,3,1
2024-11-08,323,10,7,55,1,3,7,5,10,6.96102,0.571429,3,4
2024-11-09,191,3,5,99,16,2,6,6,23,361.447,0.166667,5,4
2024-11-10,170,3,3,47,6,0,3,3,24,256.927,0,3,2
2024-11-11,145,0,7,130,20,3,14,14,15,13.0962,0.571429,6,14
2024-11-12,315,8,24,50,10,4,5,5,10,53.1093,0.4,3,4
2024-11-13,239,24,13,90,19,3,5,5,6,7.94267,0.6,2,5
2024-11-14,734,11,20,58,8,8,21,21,22,21.6979,0.333333,14,21
2024-11-15,446,12,15,69,4,0,2,2,2,18.7559,0.5,1,2
2024-11-16,391,22,15,21,4,5,2,2,7,92.1693,0.5,1,2
2024-11-17,867,24,38,65,0,1,14,13,39,64.6962,0.214286,11,10
2024-11-18,341,20,9,95,15,4,7,7,24,380.284,0.285714,5,4
2024-11-19,314,5,16,32,1,0,3,3,8,95.5668,0,3,2
2024-11-20,243,0,9,52,3,1,6,6,7,15.2722,0.833333,1,5
2024-11-21,713,21,10,29,1,1,9,9,18,37.9525,0.555556,4,9
2024-11-22,413,16,8,127,34,3,4,4,6,61.3395,0.5,2,4
2024-11-23,232,8,12,98,9,1,7,7,18,845.01,0.285714,5,4
2024-11-24,136,3,3,49,7,2,3,3,6,36.2821,0.333333,2,3
2024-11-25,154,3,13,141,9,10,10,7,20,243.102,0.3,7,6
2024-11-26,854,20,51,122,4,7,3,3,6,20.764,0.333333,2,2
2024-11-27,265,6,7,116,26,2,9,9,9,18.4759,0.444444,5,8
2024-11-28,189,20,7,58,11,6,12,9,35,801.564,0.25,9,5
2024-11-29,1196,33,35,85,14,2,9,6,10,19.6867,0.555556,4,5
2024-11-30,407,8,16,79,19,6,11,9,20,209.406,0.454545,6,8
2024-12-01,176,6,4,35,3,8,8,8,15,28.7606,0.5,4,7
2024-12-02,184,5,5,75,5,2,13,12,18,68.2086,0.461538,7,11
2024-12-03,208,12,15,23,3,1,6,6,12,22.7995,0.333333,4,5
2024-12-04,113,6,3,59,14,0,19,18,41,46.1824,0.368421,12,18
2024-12-05,494,19,16,28,4,1,8,8,16,109.892,0.25,6,8
2024-12-06,205,6,23,96,21,1,9,8,22,197.74,0.333333,6,7
2024-12-07,83,3,2,88,13,3,9,8,19,66.0487,0.444444,5,7
2024-12-08,95,9,6,41,5,2,7,7,13,355.264,0.571429,3,1
2024-12-09,107,0,2,238,26,6,4,11,213.96971816666667,0.5,3,4,33
2024-12-10,127,18,11,160,11,7,7,9,190.60805014285714,0.42857142857142855,4,5,31
2024-12-11,60,11,5,201,33,7,6,13,181.90304885714286,0.42857142857142855,4,5,45
2024-12-12,82,2,4,144,5,2,2,5,35.015175,0,2,2,18
2024-12-13,101,15,12,127,18,5,5,29,89.522061,0.2,4,5,71
2024-12-14,110,9,9,71,9,4,3,4,10.76966125,0.5,2,1,12
2024-12-15,67,5,3,66,5,15,15,28,57.5409796,0.2,12,13,86
2024-12-16,101,6,1,127,7,10,10,28,57.5409797,0.3,12,13,86
2024-12-17,233,9,9,24,2,6,6,21,110.017825,0.33333333333333331,4,4,39
2024-12-18,57,9,10,72,11,14,10,26,163.50509971428571,0.42857142857142855,8,6,75
2024-12-19,81,11,4,26,4,7,5,89,1144.3339962857142,0.2857142857142857,5,2,119
2024-12-20,135,9,6,132,9,19,16,28,162.40912289473684,0.26315789473684209,14,14,91
2024-12-21,127,11,5,94,8,19,16,28,162.40912289473685,0.26315789473684210,14,14,91
2024-12-22,73,6,4,28,2,3,3,4,325.12193733333334,0,3,3,17
2024-12-23,58,3,1,16,2,3,3,4,325.12193733333335,0,3,3,17
2024-12-24,112,0,7,12,1,11,7,32,267.3435970909091,0.18181818181818182,9,6,78
2024-12-25,38,9,3,94,16,11,11,21,51.691769090909091,0.18181818181818182,9,10,71
2024-12-26,109,3,11,41,6,2,1,2,4.885395,1,0,0,6
2024-12-27,32,12,1,119,35,3,3,4,51.898760666666668,0,3,2,14
2024-12-28,67,0,2,46,7,2,2,4,22.4234375,0,2,1,9
2024-12-29,30,3,1,22,4,3,2,4,14.857516333333335,0.66666666666666663,1,1,10
2024-12-30,18,6,0,98,2,6,6,10,81.458033833333332,0.5,3,5,31
2024-12-31,47,9,3,17,1,4,4,7,551.78817875,0.25,3,1,15
2025-01-01,11,0,0,86,30,2,2,2,19.1087845,0.5,1,1,6
2025-01-02,37,0,1,125,2,2,2,2,0,1,0,1,5
2025-01-03,13,6,1,108,26,3,2,5,105.25493333333334,0.33333333333333331,2,1,17
2025-01-04,75,3,9,30,3,5,5,30,240.8821096,0.2,4,4,73
2025-01-05,27,11,1,10,0,12,10,20,92.52490633333332,0.5,6,9,62
2025-01-06,15,3,1,182,30,1,1,2,9.84594,0,1,1,4
2025-01-07,47,2,1,55,6,3,2,6,18.345915333333334,0.66666666666666663,1,2,19
2025-01-08,26,6,0,91,11,19,18,34,49.240549,0.31578947368421051,13,18,119
2025-01-09,35,0,2,27,3,2,2,11,314.06973700000003,0.5,1,2,29
2025-01-10,12,0,1,82,6,9,7,19,58.269586333333336,0.44444444444444442,5,6,51
2025-01-11,56,3,2,36,2,11,11,13,37.136276181818182,0.36363636363636365,7,11,52
2025-01-12,21,0,1,108,0,2,1,5,20.528524,0,2,1,10
2025-01-13,12,0,0,89,15,2,1,5,20.528525,0,2,1,10
2025-01-14,70,5,7,39,8,3,3,3,2.3122513333333332,1,0,2,10
2025-01-15,20,3,3,92,3,6,5,23,66.805487166666666,0.33333333333333331,4,4,63
2025-01-16,31,0,1,13,2,2,2,6,60.4883775,0,2,2,19
2025-01-17,22,3,4,104,27,3,3,10,537.46455966666667,0.33333333333333331,2,2,21
2025-01-18,35,18,3,110,10,13,12,18,59.06759576923077,0.53846153846153844,6,10,62
2025-01-19,11,0,0,76,5,6,5,17,654.20869066666671,0.33333333333333331,4,3,43
2025-01-20,20,0,1,146,47,1,1,15,220.921407,0,1,1,34
2025-01-21,47,0,0,47,9,4,3,10,58.688188,0.5,2,1,26
2025-01-22,14,2,0,58,4,11,11,14,38.049665181818177,0.45454545454545453,6,11,53
2025-01-23,53,2,1,43,4,1,1,1,0,1,0,0,2
2025-01-24,29,3,2,111,12,5,3,25,642.3039542,0.2,4,1,56
2025-01-25,92,2,17,33,4,5,4,12,46.39154,0.6,2,3,28
2025-01-26,43,0,6,20,2,6,6,8,28.705209999999997,0.66666666666666663,2,3,25
2025-01-27,20,5,0,78,1,6,6,13,204.12225566666666,0.16666666666666666,5,6,39
2025-01-28,90,11,12,24,0,9,8,19,177.51802,0.33333333333333331,6,8,57
2025-01-29,48,3,5,251,21,5,4,18,558.82099799999992,0,5,2,51
2025-01-30,95,3,12,146,7,11,11,15,142.057239,0.27272727272727271,8,9,48
2025-01-31,30,3,1,101,8,7,4,21,158.648977,0.42857142857142855,4,3,52
2025-02-01,109,5,7,15,1,1,1,1,0,1,0,1,3
2025-02-02,37,9,0,13,2,5,5,5,9.4094906,0.6,2,5,17
2025-02-03,72,28,28,129,41,14,14,23,47.752443642857138,0.35714285714285715,9,14,79
2025-02-04,52,6,6,60,11,6,6,12,72.949281166666665,0.5,3,5,30
2025-02-05,22,5,4,73,7,4,4,20,2547.00432575,0,4,2,46
2025-02-06,12,5,0,17,7,4,4,4,111.41176225,0.75,1,3,16
2025-02-07,7,7,0,132,30,11,11,13,14.862900818181817,0.45454545454545453,6,10,47
2025-02-08,54,0,1,42,4,6,6,11,29.082248333333336,0.66666666666666663,2,6,33
2025-02-09,27,4,2,21,2,11,9,41,483.45584363636368,0.45454545454545453,6,6,95
2025-02-10,14,3,0,64,9,5,5,6,17.2063268,0.4,3,4,18
2025-02-11,63,3,7,38,6,1,1,2,393.572791,0,1,0,6
2025-02-12,27,11,3,115,17,7,7,7,25.136250999999998,0.14285714285714285,6,7,32
2025-02-13,29,6,1,43,3,1,1,1,45.960391,0,1,1,5
2025-02-14,21,0,0,207,27,11,9,25,44.775572636363634,0.63636363636363635,4,7,54
2025-02-15,54,0,2,48,1,6,6,20,469.8986528333333,0.5,3,5,58
2025-02-16,31,12,4,61,2,5,5,9,205.40287600000002,0,5,4,26
2025-02-17,7,0,0,71,14,7,7,9,16.943787,0.8571428571428571,1,5,28
2025-02-18,69,3,6,34,5,9,6,14,42.091301666666666,0.22222222222222221,7,4,38
2025-02-19,13,0,2,73,3,22,15,47,231.58354754545454,0.45454545454545453,12,8,126
2025-02-20,61,9,5,14,5,5,5,9,46.5179532,0.4,3,4,30
2025-02-21,16,3,1,71,10,4,4,11,454.85583475,0,4,3,30
2025-02-22,76,14,11,122,27,12,11,15,41.816889249999996,0.25,9,9,48
2025-02-23,37,6,5,70,11,4,4,8,185.419737,0.25,3,1,19
2025-02-24,607,3,7,141,16,6,4,14,274.7642735,0.33333333333333331,4,2,38
2025-02-25,733,23,32,60,2,4,4,9,66.35932525,0.25,3,4,25
2025-02-26,782,10,14,66,3,1,1,1,34.002816,0,1,1,4
2025-02-27,144,11,6,30,2,1,1,2,489.744331,0,1,1,7
2025-02-28,81,11,3,104,19,6,4,11,47.348216833333332,0.66666666666666663,2,3,32
2025-03-01,93,14,7,20,5,10,10,25,128.7259552,0.4,6,6,60
2025-03-02,56,8,6,28,4,10,7,99,774.8140721,0.3,7,5,212
2025-03-03,57,4,5,135,31,20,12,87,285.00409955,0.35,13,9,192
2025-03-04,85,3,4,39,4,3,3,3,18.180014333333332,0.33333333333333331,2,3,11
2025-03-05,1760,37,46,87,13,9,7,43,339.29005933333332,0.55555555555555558,4,5,72
2025-03-06,1238,39,47,83,7,17,14,42,339.45367605882353,0.17647058823529413,14,13,113
2025-03-07,418,16,23,128,17,7,6,29,254.40069114285714,0.2857142857142857,5,6,74
2025-03-08,259,6,28,99,2,17,15,47,165.04265005882351,0.17647058823529413,14,14,134
2025-03-09,248,9,13,81,4,24,24,49,165.04265005882352,0.41666666666666669,14,21,138
2025-03-10,169,2,2,78,0,10,6,19,207.344281,0.5,5,3,55
2025-03-11,149,6,2,39,4,13,11,36,280.41341515384613,0.15384615384615385,11,10,102
2025-03-12,87,10,3,114,31,11,10,15,144.34065536363636,0.54545454545454541,5,5,43
2025-03-13,75,15,2,44,9,18,16,28,18.734347333333332,0.61111111111111116,7,12,74
2025-03-14,84,6,5,67,4,3,3,8,82.726941666666661,0.33333333333333331,2,2,24
2025-03-15,524,7,16,100,2,3,2,17,260.27836066666669,0,3,2,44
2025-03-16,177,16,6,110,2,7,7,12,154.82690128571429,0.7142857142857143,2,5,28
2025-03-17,127,4,0,107,26,10,10,17,194.4836448,0.2,8,10,65
2025-03-18,154,0,6,39,5,7,6,12,28.434088,0.42857142857142855,4,4,38
2025-03-19,97,11,9,111,15,12,8,26,234.71343491666667,0.5,6,5,73
2025-03-20,65,3,10,69,2,18,14,37,135.80062933333332,0.27777777777777779,13,12,112
2025-03-21,29,11,2,28,2,4,4,7,96.49610175,0,4,4,25
2025-03-22,48,0,0,13,3,7,7,16,27.66524742857143,0.5714285714285714,3,4,41
2025-03-23,21,0,1,16,5,4,4,11,108.8454675,0.5,2,3,33
2025-03-24,90,9,8,125,16,35,25,64,159.89269142857142,0.42857142857142855,20,21,178
2025-03-25,271,18,19,65,3,6,6,18,106.32892249999999,0.16666666666666666,5,5,55
2025-03-26,190,7,6,66,3,13,11,28,199.52100569230771,0.30769230769230771,9,9,79
2025-03-27,400,14,11,56,0,18,16,25,23.303791388888886,0.3888888888888889,11,12,83
2025-03-28,114,16,3,116,17,3,3,2,51.03864866666666,0.66666666666666663,1,1,10
2025-03-29,102,3,3,47,4,7,6,10,33.584580142857142,0.7142857142857143,2,5,34
2025-03-30,89,13,2,69,4,4,4,11,67.563237,0.75,1,4,33
2025-03-31,58,0,3,66,2,18,18,20,22.17512383333333,0.44444444444444442,10,18,83
2025-04-01,69,7,5,56,10,6,6,10,77.265993333333327,0.33333333333333331,4,5,29
2025-04-02,72,0,1,118,10,12,9,19,74.025342250000008,0.41666666666666669,7,6,52
2025-04-03,42,4,1,82,4,6,6,6,11.413677333333334,0.66666666666666663,2,5,23
2025-04-04,33,0,2,19,1,6,6,11,164.1335635,0.16666666666666666,5,5,34
2025-04-05,20,11,5,8,1,2,2,3,447.564546,0.5,1,2,11
2025-04-06,11,4,0,74,21,3,3,8,56.043799333333332,0,3,3,21